env,delay,load,n,min_us,p25_us,median_us,median_ci_lo,median_ci_hi,p75_us,iqr_us,p90_us,p95_us,p99_us,p99_ci_lo,p99_ci_hi,max_us,mean_us,sd_us,pct_below_50us,n_over_1ms,pct_over_1ms,pct_over_1ms_lo,pct_over_1ms_hi,top5_share_of_sum_pct,p99_over_median
native,100us,idle,500,7.806,55.575,56.285,56.188,56.469,57.292,1.718,59.147,63.661,192.066,99.041,977.107,2892.598,69.303,156.649,4.400,2,0.400,0.110,1.447,18.777,3.412
native,100us,moderate,500,12.006,53.616,53.746,53.731,53.772,54.087,0.471,54.339,54.535,55.148,54.811,55.301,57.300,53.347,2.791,6.400,0,0.000,0.000,0.762,1.048,1.026
native,100us,heavy,500,14.242,53.709,53.790,53.773,53.860,54.378,0.669,55.522,60.007,139.289,89.849,534.269,2156.306,61.582,101.014,5.400,1,0.200,0.035,1.124,12.487,2.589
native,1ms,idle,500,45.221,79.587,86.691,85.226,91.588,160.006,80.420,206.039,228.423,298.727,265.900,500.469,2386.840,121.307,119.497,0.400,1,0.200,0.035,1.124,7.143,3.446
native,1ms,moderate,500,17.057,55.385,55.698,55.637,55.786,56.179,0.794,57.027,57.652,69.699,61.354,132.674,997.210,57.577,43.670,4.600,0,0.000,0.000,0.762,5.463,1.251
native,1ms,heavy,500,8.170,55.365,56.248,56.136,56.349,59.788,4.422,102.453,350.022,2471.999,1000.683,3631.461,6184.181,134.413,441.147,3.600,12,2.400,1.378,4.148,28.577,43.948
native,10ms,idle,500,51.793,81.322,93.027,89.508,96.144,176.670,95.348,215.211,270.077,1164.403,565.038,1490.456,2170.887,147.037,181.268,0.000,6,1.200,0.551,2.593,11.026,12.517
native,10ms,moderate,500,11.463,57.412,59.853,59.571,60.326,62.920,5.508,66.035,69.951,99.158,75.581,133.660,271.562,60.822,13.614,4.000,0,0.000,0.000,0.762,2.515,1.657
native,10ms,heavy,500,12.227,57.845,61.114,60.159,61.801,73.758,15.913,419.765,689.826,1944.688,1482.660,3062.346,8721.303,193.164,557.493,3.400,20,4.000,2.604,6.097,22.765,31.821
native,100ms,idle,500,65.905,88.391,100.916,98.022,103.351,181.839,93.448,221.375,248.494,592.123,318.555,1163.250,1745.445,142.479,131.254,0.000,3,0.600,0.204,1.749,8.498,5.867
native,100ms,moderate,500,13.698,58.428,59.403,59.219,59.523,60.770,2.342,62.233,63.918,159.194,67.564,538.400,833.616,64.176,53.099,3.200,0,0.000,0.000,0.762,8.442,2.680
native,100ms,heavy,500,18.483,60.683,61.523,61.431,61.723,62.946,2.263,386.920,870.029,1993.821,1005.980,2504.030,33323.730,237.630,1575.306,3.400,14,2.800,1.675,4.645,42.042,32.408
wsl2,100us,idle,500,34.727,84.015,88.976,87.186,90.513,108.663,24.648,134.008,154.332,188.571,176.263,210.941,407.166,100.715,29.380,0.800,0,0.000,0.000,0.762,2.560,2.119
wsl2,100us,moderate,500,14.488,79.216,89.053,87.547,90.235,96.122,16.906,110.024,124.663,157.463,133.535,355.642,815.024,92.997,40.364,0.200,0,0.000,0.000,0.762,4.137,1.768
wsl2,100us,heavy,500,18.025,65.731,80.258,80.008,80.514,85.729,19.998,101.860,326.475,2301.559,1006.667,3176.784,4448.838,148.737,382.976,0.400,12,2.400,1.378,4.148,21.392,28.677
wsl2,1ms,idle,500,30.113,111.198,132.960,129.093,136.676,171.881,60.683,225.688,262.682,610.672,349.259,925.677,3907.874,166.261,225.001,1.000,2,0.400,0.110,1.447,11.133,4.593
wsl2,1ms,moderate,500,20.084,86.100,108.904,102.606,115.639,147.182,61.082,192.837,217.779,413.616,233.022,735.385,1180.576,126.172,78.835,1.000,1,0.200,0.035,1.124,5.598,3.798
wsl2,1ms,heavy,500,27.006,80.576,84.978,84.106,86.405,95.520,14.944,108.746,305.498,2990.277,959.083,3322.373,3364.606,156.802,394.565,0.400,10,2.000,1.090,3.642,21.109,35.189
wsl2,10ms,idle,500,78.159,178.976,228.806,218.037,245.289,378.046,199.070,576.233,668.972,1261.430,845.927,1357.789,1802.325,309.884,213.875,0.000,9,1.800,0.950,3.385,4.622,5.513
wsl2,10ms,moderate,500,18.863,89.600,124.058,117.840,129.648,153.359,63.759,206.125,247.103,641.160,412.349,984.778,5030.659,156.030,268.250,0.200,2,0.400,0.110,1.447,13.540,5.168
wsl2,10ms,heavy,500,43.052,91.512,96.810,96.377,97.598,105.417,13.905,165.946,430.899,3710.830,1987.379,4718.005,6699.210,218.241,608.989,0.200,15,3.000,1.826,4.890,22.781,38.331
wsl2,100ms,idle,500,93.252,237.839,321.546,300.159,336.932,748.184,510.345,862.867,937.354,1941.331,1135.864,2635.843,3469.204,480.558,367.249,0.000,18,3.600,2.289,5.618,5.575,6.037
wsl2,100ms,moderate,500,77.834,97.692,123.160,115.196,129.947,163.571,65.879,207.045,226.043,411.398,279.134,993.137,2516.632,146.554,140.355,0.000,2,0.400,0.110,1.447,8.279,3.340
wsl2,100ms,heavy,500,35.162,104.473,111.749,110.549,113.542,123.963,19.490,162.438,438.859,3752.243,1916.519,4634.408,10831.143,242.426,735.051,0.400,20,4.000,2.604,6.097,24.756,33.577
