variant,delay,load,n,min_us,p25_us,median_us,median_ci_lo,median_ci_hi,p75_us,iqr_us,p90_us,p95_us,p99_us,p99_ci_lo,p99_ci_hi,max_us,mean_us,sd_us,pct_below_50us,n_over_1ms,pct_over_1ms,pct_over_1ms_lo,pct_over_1ms_hi,top5_share_of_sum_pct,p99_over_median
default,100us,idle,500,36.521,77.350,87.061,86.209,88.453,95.981,18.632,126.840,148.997,444.486,284.299,662.721,1572.769,102.580,92.856,0.400,1,0.200,0.035,1.124,8.377,5.105
default,100us,heavy,500,30.645,76.510,78.403,78.293,78.553,79.305,2.795,86.995,90.371,550.483,168.276,964.115,1042.650,90.666,88.459,0.400,1,0.200,0.035,1.124,9.807,7.021
default,1ms,idle,500,52.248,121.771,146.490,138.540,152.867,194.972,73.201,331.463,430.902,682.591,518.496,964.062,1017.744,184.506,121.618,0.000,1,0.200,0.035,1.124,4.858,4.660
default,1ms,heavy,500,11.922,76.983,79.613,78.847,81.658,87.868,10.885,167.243,655.039,1109.166,904.938,1313.785,2025.928,143.061,218.374,0.600,6,1.200,0.551,2.593,10.459,13.932
default,10ms,idle,500,110.504,238.154,307.649,286.875,330.817,486.418,248.264,597.528,654.415,1236.167,755.894,1322.104,1687.735,366.261,193.953,0.000,8,1.600,0.813,3.125,3.800,4.018
default,10ms,heavy,500,27.001,89.893,96.244,94.977,97.441,114.881,24.987,350.331,664.492,1333.908,1059.401,3310.536,4048.723,192.023,365.765,0.200,14,2.800,1.675,4.645,16.626,13.860
slack1,100us,idle,500,11.458,24.420,37.888,36.585,38.764,48.819,24.398,65.153,79.860,137.568,95.855,318.444,665.912,43.491,39.748,78.800,0,0.000,0.000,0.762,8.133,3.631
slack1,100us,heavy,500,7.592,23.721,25.559,25.424,25.640,26.099,2.378,33.377,36.956,240.637,67.955,389.466,1059.180,33.836,66.937,96.600,1,0.200,0.035,1.124,17.693,9.415
slack1,1ms,idle,500,21.822,56.426,83.808,80.592,87.475,125.536,69.110,191.162,307.082,872.386,491.057,970.807,1303.459,117.591,132.389,20.600,2,0.400,0.110,1.447,8.794,10.409
slack1,1ms,heavy,500,15.779,27.087,28.948,28.703,29.525,36.307,9.220,45.631,317.445,775.958,457.659,1182.603,3327.621,71.908,227.480,90.800,3,0.600,0.204,1.749,25.663,26.805
slack1,10ms,idle,500,51.425,208.865,302.795,282.175,324.686,489.995,281.131,577.340,716.916,1043.916,925.696,1351.932,2504.224,364.553,223.219,0.000,7,1.400,0.680,2.861,4.253,3.448
slack1,10ms,heavy,500,29.330,38.842,43.249,42.323,43.944,53.734,14.892,145.481,493.698,1019.511,695.197,1220.788,1576.915,98.313,187.685,70.800,6,1.200,0.551,2.593,13.233,23.573
fifo,100us,idle,500,8.093,21.999,34.637,34.312,35.083,42.877,20.878,70.752,95.546,166.197,116.271,290.641,754.158,41.924,44.517,82.000,0,0.000,0.000,0.762,8.740,4.798
fifo,100us,heavy,500,8.943,22.940,24.673,23.922,24.823,25.276,2.336,31.340,36.459,349.463,49.199,517.553,953.152,32.004,61.190,97.800,0,0.000,0.000,0.762,18.055,14.164
fifo,1ms,idle,500,26.380,72.755,97.599,91.974,105.904,131.296,58.541,328.209,477.187,684.466,573.768,806.152,1529.543,146.457,151.443,9.000,2,0.400,0.110,1.447,6.693,7.013
fifo,1ms,heavy,500,12.768,26.267,28.989,28.182,30.820,36.358,10.091,49.464,306.094,784.531,519.055,1188.820,2914.646,68.783,185.823,90.000,4,0.800,0.312,2.039,21.507,27.064
fifo,10ms,idle,500,74.999,192.767,282.171,257.290,305.269,465.229,272.462,576.501,703.706,1186.678,977.688,1809.817,2566.090,353.530,244.360,0.000,10,2.000,1.090,3.642,5.140,4.206
fifo,10ms,heavy,500,20.244,39.429,46.847,45.211,48.835,63.043,23.614,92.844,298.601,777.689,666.097,871.904,1727.186,84.039,146.230,55.800,2,0.400,0.110,1.447,12.505,16.600
